Crop,Crop_Year,Area,Production,Yield
Rice,1997,292000,879000.0,3.01
Rice,1998,305000,878000.0,2.88
Rice,1999,319000,991000.0,3.11
Rice,2000,319000,972000.0,3.05
Rice,2001,319000,958000.0,3.0
Rice,2002,311000,879000.0,2.83
Rice,2003,326000,872000.0,2.67
Rice,2004,334000,1034000.0,3.1
Rice,2005,345000,1003000.0,2.91
Rice,2006,178000,538000.0,3.02
Rice,2007,178000,546000.0,3.07
Rice,2008,183000,532000.0,2.91
Rice,2009,185000,501000.0,2.71
Rice,2010,186000,503000.0,2.7
Rice,2011,184000,482000.0,2.62
Rice,2012,185000,544000.0,2.94
Rice,2013,182000,518000.0,2.85
Rice,2014,182000,505000.0,2.77
Rice,2015,181000,513000.0,2.83
Rice,2016,180000,574000.0,3.19
Rice,2017,180000,677000.0,3.76
Rice,2018,180000,537000.0,2.98
Rice,2019,181000,598000.0,3.3
Rice,2007,99000,466000.0,4.71
Rice,2008,102000,485000.0,4.75
Rice,2009,104000,496000.0,4.77
Rice,2010,105000,465000.0,4.43
Rice,2011,105000,459000.0,4.37
Rice,2012,106000,490000.0,4.62
Rice,2013,107000,500000.0,4.67
Rice,2014,108000,507000.0,4.69
Rice,2015,110000,511000.0,4.65
Rice,2016,112000,516000.0,4.61
Rice,2017,113000,565000.0,5.0
Rice,2018,114000,567000.0,4.97
Rice,2019,114000,525000.0,4.61
Rice,1997,53000,212000.0,4.0
Rice,1998,84000,287000.0,3.42
Rice,1999,99000,392000.0,3.96
Rice,2000,99000,350000.0,3.54
Rice,2001,82000,307000.0,3.74
Rice,2002,107000,367000.0,3.43
Rice,2003,105000,419000.0,3.99
Rice,2004,102000,415000.0,4.07
Rice,2005,95000,385000.0,4.05
Rice,2006,87000,358000.0,4.11
Rice,2007,86000,368000.0,4.28
Rice,2008,97000,427000.0,4.4
Rice,2009,104000,476000.0,4.58
Rice,2010,107000,437000.0,4.08
Rice,2011,101000,409000.0,4.05
Rice,2012,107000,458000.0,4.28
Rice,2013,111000,501000.0,4.51
Rice,2014,119000,529000.0,4.45
Rice,2015,137000,620000.0,4.53
Rice,2016,152000,689000.0,4.53
Rice,2017,160000,747000.0,4.67
Rice,2018,167000,762000.0,4.56
Rice,2019,179000,764000.0,4.27
Rice,1997,56000,214000.0,3.82
Rice,1998,82000,246000.0,3.0
Rice,1999,90000,305000.0,3.39
Rice,2000,90000,310000.0,3.44
Rice,2001,70000,267000.0,3.81
Rice,2002,86000,280000.0,3.26
Rice,2003,84000,308000.0,3.67
Rice,2004,88000,337000.0,3.83
Rice,2005,86000,339000.0,3.94
Rice,2006,85000,338000.0,3.98
Rice,2007,87000,351000.0,4.03
Rice,2008,95000,414000.0,4.36
Rice,2009,98000,414000.0,4.22
Rice,2010,101000,409000.0,4.05
Rice,2011,101000,405000.0,4.01
Rice,2012,102000,444000.0,4.35
Rice,2013,104000,443000.0,4.26
Rice,2014,106000,421000.0,3.97
Rice,2015,110000,439000.0,3.99
Rice,2016,115000,468000.0,4.07
Rice,2017,115000,511000.0,4.44
Rice,2018,116000,477000.0,4.11
Rice,2019,116000,436000.0,3.76
Rice,1997,82000,302000.0,3.68
Rice,1998,83000,271000.0,3.27
Rice,1999,82000,302000.0,3.68
Rice,2000,84000,350000.0,4.17
Rice,2001,81000,324000.0,4.0
Rice,2002,80000,312000.0,3.9
Rice,2003,83000,364000.0,4.39
Rice,2004,85000,371000.0,4.36
Rice,2005,85000,361000.0,4.25
Rice,2006,84000,340000.0,4.05
Rice,2007,84000,383000.0,4.56
Rice,2008,85000,363000.0,4.27
Rice,2009,86000,391000.0,4.55
Rice,2010,87000,366000.0,4.21
Rice,2011,86000,364000.0,4.23
Rice,2012,86000,384000.0,4.47
Rice,2013,86000,351000.0,4.08
Rice,2014,86000,374000.0,4.35
Rice,2015,86000,384000.0,4.47
Rice,2016,86000,405000.0,4.71
Rice,2017,86000,395000.0,4.59
Rice,2018,86000,347000.0,4.03
Rice,2019,86000,366000.0,4.26
Rice,2012,85000,291000.0,3.42
Rice,2013,92000,293000.0,3.18
Rice,2014,97000,297000.0,3.06
Rice,2015,104000,298000.0,2.87
Rice,2016,111000,391000.0,3.52
Rice,2017,109000,355000.0,3.26
Rice,2018,114000,376000.0,3.3
Rice,2019,191000,775000.0,4.06
Rice,1997,252000,910000.0,3.61
Rice,1998,275000,922000.0,3.35
Rice,1999,280000,982000.0,3.51
Rice,2000,248000,898000.0,3.62
Rice,2001,230000,864000.0,3.76
Rice,2002,234000,824000.0,3.52
Rice,2003,244000,903000.0,3.7
Rice,2004,238000,941000.0,3.95
Rice,2005,236000,956000.0,4.05
Rice,2006,235000,948000.0,4.03
Rice,2007,243000,1010000.0,4.16
Rice,2008,260000,1051000.0,4.04
Rice,2009,262000,964000.0,3.68
Rice,2010,258000,954000.0,3.7
Rice,2011,257000,889000.0,3.46
Rice,2012,182000,766000.0,4.21
Rice,2013,183000,766000.0,4.19
Rice,2014,189000,733000.0,3.88
Rice,2015,187000,729000.0,3.9
Rice,2016,187000,791000.0,4.23
Rice,2017,185000,842000.0,4.55
Rice,2018,186000,829000.0,4.46
Rice,2019,114000,307000.0,2.69
Rice,1997,181000,509000.0,2.81
Rice,1998,187000,465000.0,2.49
Rice,1999,198000,561000.0,2.83
Rice,2000,191000,569000.0,2.98
Rice,2001,194000,571000.0,2.94
Rice,2002,189000,547000.0,2.89
Rice,2003,193000,587000.0,3.04
Rice,2004,202000,641000.0,3.17
Rice,2005,190000,590000.0,3.11
Rice,2006,201000,636000.0,3.16
Rice,2007,191000,617000.0,3.23
Rice,2008,201000,663000.0,3.3
Rice,2009,204000,640000.0,3.14
Rice,2010,204000,705000.0,3.46
Rice,2011,201000,649000.0,3.23
Rice,2012,174000,542000.0,3.11
Rice,2013,173000,507000.0,2.93
Rice,2014,173000,452000.0,2.61
Rice,2015,175000,500000.0,2.86
Rice,2016,175000,557000.0,3.18
Rice,2017,176000,643000.0,3.65
Rice,2018,172000,632000.0,3.67
Rice,2019,174000,637000.0,3.66
Rice,1997,56000,169000.0,3.02
Rice,1998,59000,171000.0,2.9
Rice,1999,61000,178000.0,2.92
Rice,2000,63000,192000.0,3.05
Rice,2001,60000,171000.0,2.85
Rice,2002,56000,159000.0,2.84
Rice,2003,58000,179000.0,3.09
Rice,2004,58000,171000.0,2.95
Rice,2005,61000,182000.0,2.98
Rice,2006,56000,157000.0,2.8
Rice,2007,56000,185000.0,3.3
Rice,2008,60000,209000.0,3.48
Rice,2009,70000,248000.0,3.54
Rice,2010,73000,261000.0,3.58
Rice,2011,74000,269000.0,3.64
Rice,2012,70000,252000.0,3.6
Rice,2013,70000,252000.0,3.6
Rice,2014,71000,244000.0,3.44
Rice,2015,72000,255000.0,3.54
Rice,2016,74000,287000.0,3.88
Rice,2017,75000,292000.0,3.89
Rice,2018,75000,279000.0,3.72
Rice,2019,78000,312000.0,4.0
Rice,1997,126000,422000.0,3.35
Rice,1998,134000,436000.0,3.25
Rice,1999,133000,464000.0,3.49
Rice,2000,136000,488000.0,3.59
Rice,2001,132000,445000.0,3.37
Rice,2002,133000,495000.0,3.72
Rice,2003,138000,465000.0,3.37
Rice,2004,145000,538000.0,3.71
Rice,2005,151000,526000.0,3.48
Rice,2006,147000,514000.0,3.5
Rice,2007,149000,554000.0,3.72
Rice,2008,155000,588000.0,3.79
Rice,2009,161000,636000.0,3.95
Rice,2010,163000,588000.0,3.61
Rice,2011,165000,583000.0,3.53
Rice,2012,165000,625000.0,3.79
Rice,2013,167000,596000.0,3.57
Rice,2014,167000,616000.0,3.69
Rice,2015,168000,653000.0,3.89
Rice,2016,170000,699000.0,4.11
Rice,2017,171000,715000.0,4.18
Rice,2018,173000,719000.0,4.16
Rice,2019,175000,713000.0,4.07
Rice,1997,97000,290000.0,2.99
Rice,1998,99000,314000.0,3.17
Rice,1999,100000,319000.0,3.19
Rice,2000,103000,358000.0,3.48
Rice,2001,103000,357000.0,3.47
Rice,2002,102000,362000.0,3.55
Rice,2003,104000,361000.0,3.47
Rice,2004,105000,423000.0,4.03
Rice,2005,108000,422000.0,3.91
Rice,2006,110000,414000.0,3.76
Rice,2007,110000,428000.0,3.89
Rice,2008,114000,428000.0,3.75
Rice,2009,115000,452000.0,3.93
Rice,2010,118000,460000.0,3.9
Rice,2011,118000,433000.0,3.67
Rice,2012,117000,445000.0,3.8
Rice,2013,117000,451000.0,3.85
Rice,2014,117000,439000.0,3.75
Rice,2015,118000,474000.0,4.02
Rice,2016,118000,483000.0,4.09
Rice,2017,118000,513000.0,4.35
Rice,2018,118000,512000.0,4.34
Rice,2019,120000,496000.0,4.13
Rice,1997,234000,899000.0,3.84
Rice,1998,241000,789000.0,3.27
Rice,1999,237000,856000.0,3.61
Rice,2000,238000,939000.0,3.95
Rice,2001,235000,916000.0,3.9
Rice,2002,236000,1020000.0,4.32
Rice,2003,241000,1047000.0,4.34
Rice,2004,400000,1144000.0,2.86
Rice,2005,250000,1130000.0,4.52
Rice,2006,248000,1084000.0,4.37
Rice,2007,250000,1133000.0,4.53
Rice,2008,254000,1135000.0,4.47
Rice,2009,257000,1206000.0,4.69
Rice,2010,257000,1133000.0,4.41
Rice,2011,257000,1094000.0,4.26
Rice,2012,257000,1169000.0,4.55
Rice,2013,257000,1137000.0,4.42
Rice,2014,257000,1119000.0,4.35
Rice,2015,257000,1181000.0,4.6
Rice,2016,259000,1247000.0,4.81
Rice,2017,258000,1224000.0,4.74
Rice,2018,259000,1153000.0,4.45
Rice,2019,259000,1211000.0,4.68
Rice,1997,58000,220000.0,3.79
Rice,1998,84000,215000.0,2.56
Rice,1999,91000,291000.0,3.2
Rice,2000,84000,306000.0,3.64
Rice,2001,68000,242000.0,3.56
Rice,2002,88000,267000.0,3.03
Rice,2003,78000,299000.0,3.83
Rice,2004,75000,307000.0,4.09
Rice,2005,70000,291000.0,4.16
Rice,2006,62000,259000.0,4.18
Rice,2007,61000,252000.0,4.13
Rice,2008,71000,296000.0,4.17
Rice,2009,77000,324000.0,4.21
Rice,2010,78000,316000.0,4.05
Rice,2011,74000,292000.0,3.95
Rice,2012,78000,321000.0,4.12
Rice,2013,81000,334000.0,4.12
Rice,2014,82000,296000.0,3.61
Rice,2015,93000,363000.0,3.9
Rice,2016,103000,442000.0,4.29
Rice,2017,107000,499000.0,4.66
Rice,2018,116000,514000.0,4.43
Rice,2019,119000,489000.0,4.11
Rice,1997,107000,429000.0,4.01
Rice,1998,118000,413000.0,3.5
Rice,1999,117000,393000.0,3.36
Rice,2000,159000,596000.0,3.75
Rice,2001,151000,579000.0,3.83
Rice,2002,149000,568000.0,3.81
Rice,2003,163000,667000.0,4.09
Rice,2004,164000,731000.0,4.46
Rice,2005,167000,735000.0,4.4
Rice,2006,168000,711000.0,4.23
Rice,2007,169000,749000.0,4.43
Rice,2008,174000,800000.0,4.6
Rice,2009,172000,812000.0,4.72
Rice,2010,172000,745000.0,4.33
Rice,2011,174000,759000.0,4.36
Rice,2012,176000,794000.0,4.51
Rice,2013,176000,815000.0,4.63
Rice,2014,177000,815000.0,4.6
Rice,2015,183000,871000.0,4.76
Rice,2016,178000,816000.0,4.58
Rice,2017,181000,869000.0,4.8
Rice,2018,181000,817000.0,4.51
Rice,2019,181000,826000.0,4.56
Rice,1997,28000,97000.0,3.46
Rice,1998,77000,221000.0,2.87
Rice,1999,91000,272000.0,2.99
Rice,2000,89000,309000.0,3.47
Rice,2001,65000,239000.0,3.68
Rice,2002,83000,261000.0,3.14
Rice,2003,87000,328000.0,3.77
Rice,2004,86000,334000.0,3.88
Rice,2005,77000,298000.0,3.87
Rice,2006,68000,272000.0,4.0
Rice,2007,68000,283000.0,4.16
Rice,2008,95000,402000.0,4.23
Rice,2009,100000,387000.0,3.87
Rice,2010,111000,432000.0,3.89
Rice,2011,113000,402000.0,3.56
Rice,2012,118000,471000.0,3.99
Rice,2013,115000,457000.0,3.97
Rice,2014,135000,514000.0,3.81
Rice,2015,158000,667000.0,4.22
Rice,2016,173000,699000.0,4.04
Rice,2017,173000,687000.0,3.97
Rice,2018,179000,728000.0,4.07
Rice,2019,190000,637000.0,3.35
Rice,2012,27000,76000.0,2.81
Rice,2013,29000,78000.0,2.69
Rice,2014,29000,72000.0,2.48
Rice,2015,28000,88000.0,3.14
Rice,2016,28000,77000.0,2.75
Rice,2017,28000,86000.0,3.07
Rice,2018,28000,91000.0,3.25
Rice,2019,28000,86000.0,3.07
Rice,1997,240000,792000.0,3.3
Rice,1998,246000,772000.0,3.14
Rice,1999,250000,812000.0,3.25
Rice,2000,255000,854000.0,3.35
Rice,2001,252000,908000.0,3.6
Rice,2002,237000,818000.0,3.45
Rice,2003,246000,950000.0,3.86
Rice,2004,250000,965000.0,3.86
Rice,2005,252000,996000.0,3.95
Rice,2006,237000,989000.0,4.17
Rice,2007,234000,999000.0,4.27
Rice,2008,238000,1009000.0,4.24
Rice,2009,240000,1021000.0,4.25
Rice,2010,234000,873000.0,3.73
Rice,2011,234000,903000.0,3.86
Rice,2012,233000,922000.0,3.96
Rice,2013,231000,959000.0,4.15
Rice,2014,230000,904000.0,3.93
Rice,2015,230000,910000.0,3.96
Rice,2016,232000,984000.0,4.24
Rice,2017,233000,1001000.0,4.3
Rice,2018,234000,920000.0,3.93
Rice,2019,235000,928000.0,3.95
Rice,1997,43000,138000.0,3.21
Rice,1998,46000,128000.0,2.78
Rice,1999,50000,156000.0,3.12
Rice,2000,49000,163000.0,3.33
Rice,2001,51000,163000.0,3.2
Rice,2002,44000,141000.0,3.2
Rice,2003,51000,170000.0,3.33
Rice,2004,51000,176000.0,3.45
Rice,2005,53000,183000.0,3.45
Rice,2006,38000,138000.0,3.63
Rice,2007,33000,122000.0,3.7
Rice,2008,36000,139000.0,3.86
Rice,2009,38000,135000.0,3.55
Rice,2010,38000,147000.0,3.87
Rice,2011,38000,127000.0,3.34
Rice,2012,38000,145000.0,3.82
Rice,2013,37000,128000.0,3.46
Rice,2014,36000,129000.0,3.58
Rice,2015,36000,161000.0,4.47
Rice,2016,38000,172000.0,4.53
Rice,2017,40000,170000.0,4.25
Rice,2018,41000,142000.0,3.46
Rice,2019,40000,144000.0,3.6
Rice,2006,29000,82000.0,2.83
Rice,2007,29000,103000.0,3.55
Rice,2008,27000,88000.0,3.26
Rice,2009,30000,98000.0,3.27
Rice,2010,37000,127000.0,3.43
Rice,2011,32000,119000.0,3.72
Rice,2012,31000,117000.0,3.77
Rice,2013,27000,95000.0,3.52
Rice,2014,29000,94000.0,3.24
Rice,2015,31000,116000.0,3.74
Rice,2016,31000,112000.0,3.61
Rice,2017,31000,108000.0,3.48
Rice,2018,31000,102000.0,3.29
Rice,2019,29000,105000.0,3.62
Rice,1997,333000,1277000.0,3.83
Rice,1998,353000,1262000.0,3.58
Rice,1999,360000,1282000.0,3.56
Rice,2000,357000,1342000.0,3.76
Rice,2001,349000,1362000.0,3.9
Rice,2002,352000,1429000.0,4.06
Rice,2003,366000,1566000.0,4.28
Rice,2004,367000,1710000.0,4.66
Rice,2005,367000,1625000.0,4.43
Rice,2006,362000,1637000.0,4.52
Rice,2007,262000,1207000.0,4.61
Rice,2008,267000,1233000.0,4.62
Rice,2009,271000,1273000.0,4.7
Rice,2010,272000,1185000.0,4.36
Rice,2011,274000,1188000.0,4.34
Rice,2012,276000,1299000.0,4.71
Rice,2013,273000,1290000.0,4.73
Rice,2014,271000,1281000.0,4.73
Rice,2015,274000,1334000.0,4.87
Rice,2016,278000,1355000.0,4.87
Rice,2017,284000,1442000.0,5.08
Rice,2018,287000,1353000.0,4.71
Rice,2019,289000,1362000.0,4.71
Rice,1997,43000,145000.0,3.37
Rice,1998,46000,150000.0,3.26
Rice,1999,46000,160000.0,3.48
Rice,2000,47000,158000.0,3.36
Rice,2001,45000,143000.0,3.18
Rice,2002,43000,151000.0,3.51
Rice,2003,47000,171000.0,3.64
Rice,2004,50000,199000.0,3.98
Rice,2005,49000,171000.0,3.49
Rice,2006,53000,209000.0,3.94
Rice,2007,50000,194000.0,3.88
Rice,2008,52000,213000.0,4.1
Rice,2009,56000,232000.0,4.14
Rice,2010,58000,231000.0,3.98
Rice,2011,57000,226000.0,3.96
Rice,2012,57000,236000.0,4.14
Rice,2013,56000,202000.0,3.61
Rice,2014,57000,226000.0,3.96
Rice,2015,59000,252000.0,4.27
Rice,2016,60000,260000.0,4.33
Rice,2017,60000,282000.0,4.7
Rice,2018,60000,237000.0,3.95
Rice,2019,60000,251000.0,4.18
Rice,2006,173000,514000.0,2.97
Rice,2007,171000,539000.0,3.15
Rice,2008,169000,525000.0,3.11
Rice,2009,172000,530000.0,3.08
Rice,2010,172000,500000.0,2.91
Rice,2011,173000,490000.0,2.83
Rice,2012,179000,599000.0,3.35
Rice,2013,177000,594000.0,3.36
Rice,2014,176000,540000.0,3.07
Rice,2015,178000,504000.0,2.83
Rice,2016,186000,614000.0,3.3
Rice,2017,182000,759000.0,4.17
Rice,2018,186000,728000.0,3.91
Rice,2019,184000,707000.0,3.84
Sugarcane,1997,11000,600000.0,54.55
Sugarcane,1998,9000,540000.0,60.0
Sugarcane,1999,8000,530000.0,66.25
Sugarcane,2000,11000,700000.0,63.64
Sugarcane,2001,11000,750000.0,68.18
Sugarcane,2002,11000,720000.0,65.45
Sugarcane,2003,10000,570000.0,57.0
Sugarcane,2004,7000,440000.0,62.86
Sugarcane,2005,6000,367000.0,61.17
Sugarcane,2009,3000,18000.0,6.0
Sugarcane,2011,3000,203000.0,67.67
Sugarcane,2012,2000,141000.0,70.5
Sugarcane,2013,5000,401000.0,80.2
Sugarcane,2014,4000,301000.0,75.25
Sugarcane,2015,4000,303000.0,75.75
Sugarcane,2016,4000,302000.0,75.5
Sugarcane,2017,6000,501000.0,83.5
Sugarcane,2018,7000,577000.0,82.43
Sugarcane,2019,6600,523000.0,79.24
Sugarcane,2013,1000,90000.0,90.0
Sugarcane,2014,1000,87000.0,87.0
Sugarcane,2015,1000,88000.0,88.0
Sugarcane,2016,1000,103000.0,103.0
Sugarcane,2017,1000,85000.0,85.0
Sugarcane,2018,1000,80000.0,80.0
Sugarcane,2019,300,24000.0,80.0
Sugarcane,2001,1000,70000.0,70.0
Sugarcane,2002,1000,60000.0,60.0
Sugarcane,2003,1000,50000.0,50.0
Sugarcane,1997,2000,130000.0,65.0
Sugarcane,1998,2000,120000.0,60.0
Sugarcane,1999,2000,120000.0,60.0
Sugarcane,2000,2000,130000.0,65.0
Sugarcane,2001,4000,350000.0,87.5
Sugarcane,2002,5000,260000.0,52.0
Sugarcane,2003,3000,170000.0,56.67
Sugarcane,2004,1000,70000.0,70.0
Sugarcane,2005,1000,68000.0,68.0
Sugarcane,1997,6000,380000.0,63.33
Sugarcane,1998,4000,260000.0,65.0
Sugarcane,1999,4000,250000.0,62.5
Sugarcane,2000,4000,290000.0,72.5
Sugarcane,2001,5000,370000.0,74.0
Sugarcane,2002,5000,310000.0,62.0
Sugarcane,2003,4000,250000.0,62.5
Sugarcane,2004,2000,140000.0,70.0
Sugarcane,2005,2000,151000.0,75.5
Sugarcane,2009,2000,15000.0,7.5
Sugarcane,2011,2000,151000.0,75.5
Sugarcane,2012,3000,258000.0,86.0
Sugarcane,2013,3000,243000.0,81.0
Sugarcane,2014,3000,264000.0,88.0
Sugarcane,2015,3000,262000.0,87.33
Sugarcane,2016,3000,266000.0,88.67
Sugarcane,2017,3000,250000.0,83.33
Sugarcane,2018,3000,248000.0,82.67
Sugarcane,2019,2700,243000.0,90.0
Sugarcane,2011,1000,73000.0,73.0
Sugarcane,2012,1000,82000.0,82.0
Sugarcane,2015,2000,178000.0,89.0
Sugarcane,2016,2000,180000.0,90.0
Sugarcane,2017,2000,147000.0,73.5
Sugarcane,2018,2000,142000.0,71.0
Sugarcane,2019,1600,131000.0,81.88
Sugarcane,1997,8000,530000.0,66.25
Sugarcane,1998,7000,460000.0,65.71
Sugarcane,1999,8000,570000.0,71.25
Sugarcane,2000,8000,530000.0,66.25
Sugarcane,2001,9000,520000.0,57.78
Sugarcane,2002,9000,460000.0,51.11
Sugarcane,2003,6000,280000.0,46.67
Sugarcane,2004,2000,140000.0,70.0
Sugarcane,2005,1000,76000.0,76.0
Sugarcane,2009,1000,6000.0,6.0
Sugarcane,2012,1000,67000.0,67.0
Sugarcane,2013,2000,170000.0,85.0
Sugarcane,2014,2000,150000.0,75.0
Sugarcane,1997,19000,980000.0,51.58
Sugarcane,1998,15000,840000.0,56.0
Sugarcane,1999,16000,1100000.0,68.75
Sugarcane,2000,18000,1220000.0,67.78
Sugarcane,2001,23000,1570000.0,68.26
Sugarcane,2002,25000,1700000.0,68.0
Sugarcane,2003,22000,1320000.0,60.0
Sugarcane,2004,20000,1310000.0,65.5
Sugarcane,2005,21000,1412000.0,67.24
Sugarcane,2009,19000,124000.0,6.53
Sugarcane,2011,20000,1491000.0,74.55
Sugarcane,2012,22000,1594000.0,72.45
Sugarcane,2013,21000,1560000.0,74.29
Sugarcane,2014,24000,1840000.0,76.67
Sugarcane,2015,21000,1512000.0,72.0
Sugarcane,2016,21000,1706000.0,81.24
Sugarcane,2017,22000,1895000.0,86.14
Sugarcane,2018,22000,1832000.0,83.27
Sugarcane,2019,20200,1648000.0,81.58
Sugarcane,1997,13000,770000.0,59.23
Sugarcane,1998,13000,780000.0,60.0
Sugarcane,1999,15000,900000.0,60.0
Sugarcane,2000,17000,1020000.0,60.0
Sugarcane,2001,21000,1290000.0,61.43
Sugarcane,2002,25000,1310000.0,52.4
Sugarcane,2003,22000,1170000.0,53.18
Sugarcane,2004,18000,1030000.0,57.22
Sugarcane,2005,21000,1168000.0,55.62
Sugarcane,2009,14000,76000.0,5.43
Sugarcane,2011,20000,1293000.0,64.65
Sugarcane,2012,19000,1321000.0,69.53
Sugarcane,2013,21000,1481000.0,70.52
Sugarcane,2014,22000,1515000.0,68.86
Sugarcane,2015,22000,1622000.0,73.73
Sugarcane,2016,22000,1699000.0,77.23
Sugarcane,2017,23000,1830000.0,79.57
Sugarcane,2018,24000,1884000.0,78.5
Sugarcane,2019,24300,1828000.0,75.23
Sugarcane,1997,14000,780000.0,55.71
Sugarcane,1998,13000,730000.0,56.15
Sugarcane,1999,14000,820000.0,58.57
Sugarcane,2000,15000,920000.0,61.33
Sugarcane,2001,16000,1000000.0,62.5
Sugarcane,2002,17000,1040000.0,61.18
Sugarcane,2003,15000,690000.0,46.0
Sugarcane,2004,11000,610000.0,55.45
Sugarcane,2005,11000,676000.0,61.45
Sugarcane,2009,7000,42000.0,6.0
Sugarcane,2011,9000,599000.0,66.56
Sugarcane,2012,10000,651000.0,65.1
Sugarcane,2013,10000,764000.0,76.4
Sugarcane,2014,11000,825000.0,75.0
Sugarcane,2015,11000,656000.0,59.64
Sugarcane,2016,10000,856000.0,85.6
Sugarcane,2017,11000,958000.0,87.09
Sugarcane,2018,11000,993000.0,90.27
Sugarcane,2019,10100,885000.0,87.62
Sugarcane,1997,5000,270000.0,54.0
Sugarcane,1998,4000,240000.0,60.0
Sugarcane,1999,4000,220000.0,55.0
Sugarcane,2000,5000,330000.0,66.0
Sugarcane,2001,6000,370000.0,61.67
Sugarcane,2002,6000,350000.0,58.33
Sugarcane,2003,6000,320000.0,53.33
Sugarcane,2004,5000,300000.0,60.0
Sugarcane,2005,4000,231000.0,57.75
Sugarcane,2009,3000,18000.0,6.0
Sugarcane,2011,3000,221000.0,73.67
Sugarcane,2012,4000,258000.0,64.5
Sugarcane,2013,4000,328000.0,82.0
Sugarcane,2014,4000,312000.0,78.0
Sugarcane,2015,5000,380000.0,76.0
Sugarcane,2016,4000,327000.0,81.75
Sugarcane,2017,4000,335000.0,83.75
Sugarcane,2018,4000,334000.0,83.5
Sugarcane,2019,3900,330000.0,84.62
Sugarcane,1997,8000,470000.0,58.75
Sugarcane,1998,5000,330000.0,66.0
Sugarcane,1999,6000,420000.0,70.0
Sugarcane,2000,7000,470000.0,67.14
Sugarcane,2001,8000,540000.0,67.5
Sugarcane,2002,8000,510000.0,63.75
Sugarcane,2003,5000,270000.0,54.0
Sugarcane,2004,3000,140000.0,46.67
Sugarcane,2005,2000,133000.0,66.5
Sugarcane,2009,1000,6000.0,6.0
Sugarcane,2011,2000,161000.0,80.5
Sugarcane,2012,2000,136000.0,68.0
Sugarcane,2013,2000,170000.0,85.0
Sugarcane,2014,3000,258000.0,86.0
Sugarcane,2015,2000,171000.0,85.5
Sugarcane,2016,2000,177000.0,88.5
Sugarcane,2017,3000,273000.0,91.0
Sugarcane,2018,3000,268000.0,89.33
Sugarcane,2019,2600,215000.0,82.69
Sugarcane,1997,1000,60000.0,60.0
Sugarcane,1998,1000,60000.0,60.0
Sugarcane,1999,1000,60000.0,60.0
Sugarcane,2000,1000,60000.0,60.0
Sugarcane,2001,1000,70000.0,70.0
Sugarcane,2002,1000,50000.0,50.0
Sugarcane,1997,1000,60000.0,60.0
Sugarcane,2000,1000,60000.0,60.0
Sugarcane,2001,2000,150000.0,75.0
Sugarcane,2002,2000,100000.0,50.0
Sugarcane,2003,1000,60000.0,60.0
Sugarcane,2004,1000,60000.0,60.0
Sugarcane,1997,2000,110000.0,55.0
Sugarcane,1998,2000,130000.0,65.0
Sugarcane,1999,2000,130000.0,65.0
Sugarcane,2000,4000,290000.0,72.5
Sugarcane,2001,5000,380000.0,76.0
Sugarcane,2002,8000,500000.0,62.5
Sugarcane,2003,4000,210000.0,52.5
Sugarcane,2004,1000,50000.0,50.0
Sugarcane,2005,1000,51000.0,51.0
Sugarcane,2019,400,32000.0,80.0
Sugarcane,2011,4000,298000.0,74.5
Sugarcane,2012,4000,297000.0,74.25
Sugarcane,2013,4000,234000.0,58.5
Sugarcane,2014,4000,253000.0,63.25
Sugarcane,2015,4000,266000.0,66.5
Sugarcane,2016,4000,307000.0,76.75
Sugarcane,2017,4000,292000.0,73.0
Sugarcane,2018,4000,281000.0,70.25
Sugarcane,2019,4200,304000.0,72.38
Sugarcane,1997,5000,270000.0,54.0
Sugarcane,1998,3000,170000.0,56.67
Sugarcane,1999,3000,180000.0,60.0
Sugarcane,2000,3000,220000.0,73.33
Sugarcane,2001,4000,280000.0,70.0
Sugarcane,2002,5000,330000.0,66.0
Sugarcane,2003,4000,240000.0,60.0
Sugarcane,2004,2000,120000.0,60.0
Sugarcane,2005,1000,70000.0,70.0
Sugarcane,2009,1000,8000.0,8.0
Sugarcane,2011,3000,264000.0,88.0
Sugarcane,2012,2000,184000.0,92.0
Sugarcane,2013,3000,281000.0,93.67
Sugarcane,2014,3000,272000.0,90.67
Sugarcane,2015,2000,176000.0,88.0
Sugarcane,2016,2000,183000.0,91.5
Sugarcane,2017,2000,204000.0,102.0
Sugarcane,2018,2000,189000.0,94.5
Sugarcane,2019,1600,134000.0,83.75
Sugarcane,1997,11000,560000.0,50.91
Sugarcane,1998,9000,510000.0,56.67
Sugarcane,1999,9000,490000.0,54.44
Sugarcane,2000,10000,550000.0,55.0
Sugarcane,2001,10000,540000.0,54.0
Sugarcane,2002,9000,490000.0,54.44
Sugarcane,2003,7000,350000.0,50.0
Sugarcane,2004,4000,230000.0,57.5
Sugarcane,2005,6000,383000.0,63.83
Sugarcane,2009,2000,13000.0,6.5
Sugarcane,2011,3000,224000.0,74.67
Sugarcane,2012,3000,227000.0,75.67
Sugarcane,2013,2000,152000.0,76.0
Sugarcane,2014,3000,238000.0,79.33
Sugarcane,2015,3000,221000.0,73.67
Sugarcane,2016,3000,241000.0,80.33
Sugarcane,2017,3000,229000.0,76.33
Sugarcane,2018,2000,148000.0,74.0
Sugarcane,2019,2200,167000.0,75.91
Sugarcane,2009,1000,5000.0,5.0
Sugarcane,2011,1000,65000.0,65.0
Sugarcane,2012,1000,57000.0,57.0
Sugarcane,2013,1000,61000.0,61.0
Sugarcane,2014,1000,64000.0,64.0
Sugarcane,2015,1000,59000.0,59.0
Sugarcane,2016,1000,68000.0,68.0
Sugarcane,2017,1000,78000.0,78.0
Sugarcane,2018,1000,76000.0,76.0
Sugarcane,2019,1200,101000.0,84.17
Sugarcane,1997,7000,450000.0,64.29
Sugarcane,1998,5000,330000.0,66.0
Sugarcane,1999,4000,280000.0,70.0
Sugarcane,2000,3000,220000.0,73.33
Sugarcane,2001,4000,280000.0,70.0
Sugarcane,2002,4000,280000.0,70.0
Sugarcane,2003,3000,200000.0,66.67
Sugarcane,2004,2000,150000.0,75.0
Sugarcane,2005,1000,75000.0,75.0
Sugarcane,2009,1000,8000.0,8.0
Sugarcane,2011,2000,163000.0,81.5
Sugarcane,2012,2000,161000.0,80.5
Sugarcane,2013,3000,264000.0,88.0
Sugarcane,2014,3000,265000.0,88.33
Sugarcane,2015,3000,260000.0,86.67
Sugarcane,2016,3000,267000.0,89.0
Sugarcane,2017,4000,369000.0,92.25
Sugarcane,2018,3000,255000.0,85.0
Sugarcane,2019,2600,239000.0,91.92
Sugarcane,1997,13000,730000.0,56.15
Sugarcane,1998,11000,630000.0,57.27
Sugarcane,1999,12000,700000.0,58.33
Sugarcane,2000,12000,760000.0,63.33
Sugarcane,2001,12000,720000.0,60.0
Sugarcane,2002,12000,640000.0,53.33
Sugarcane,2003,10000,470000.0,47.0
Sugarcane,2004,7000,380000.0,54.29
Sugarcane,2005,7000,380000.0,54.29
Sugarcane,2009,5000,31000.0,6.2
Sugarcane,2011,6000,407000.0,67.83
Sugarcane,2012,5000,327000.0,65.4
Sugarcane,2013,6000,401000.0,66.83
Sugarcane,2014,6000,395000.0,65.83
Sugarcane,2015,6000,453000.0,75.5
Sugarcane,2016,6000,470000.0,78.33
Sugarcane,2017,6000,483000.0,80.5
Sugarcane,2018,6000,467000.0,77.83
Sugarcane,2019,6000,458000.0,76.33
Sugarcane,2011,1000,40000.0,40.0
Sugarcane,2012,1000,71000.0,71.0
Sugarcane,2013,1000,75000.0,75.0
Sugarcane,2017,1000,95000.0,95.0
Sugarcane,2019,500,40000.0,80.0
Wheat,1997,349000,1318000.0,3.78
Wheat,1998,214000,862000.0,4.03
Wheat,1999,358000,1738000.0,4.85
Wheat,2000,361000,1690000.0,4.68
Wheat,2001,363000,1700000.0,4.68
Wheat,2002,356000,1513000.0,4.25
Wheat,2003,358000,1538000.0,4.3
Wheat,2004,372000,1591000.0,4.28
Wheat,2005,371000,1643000.0,4.43
Wheat,2006,185000,767000.0,4.15
Wheat,2007,184000,810000.0,4.4
Wheat,2008,187000,757000.0,4.05
Wheat,2009,185000,753000.0,4.07
Wheat,2010,189000,810000.0,4.29
Wheat,2011,190000,945000.0,4.97
Wheat,2012,190000,884000.0,4.65
Wheat,2013,188000,934000.0,4.97
Wheat,2014,188000,736000.0,3.91
Wheat,2015,188000,842000.0,4.48
Wheat,2016,188000,930000.0,4.95
Wheat,2017,189000,920000.0,4.87
Wheat,2018,189000,910000.0,4.81
Wheat,2019,188000,852000.0,4.53
Wheat,2007,112000,535000.0,4.78
Wheat,2008,114000,554000.0,4.86
Wheat,2009,114000,520000.0,4.56
Wheat,2010,115000,572000.0,4.97
Wheat,2011,115000,615000.0,5.35
Wheat,2012,114000,567000.0,4.97
Wheat,2013,114000,596000.0,5.23
Wheat,2014,114000,527000.0,4.62
Wheat,2015,115000,565000.0,4.91
Wheat,2016,114000,626000.0,5.49
Wheat,2017,114000,609000.0,5.34
Wheat,2018,115000,641000.0,5.57
Wheat,2019,114000,599000.0,5.25
Wheat,1997,236000,819000.0,3.47
Wheat,1998,258000,1144000.0,4.43
Wheat,1999,242000,1117000.0,4.62
Wheat,2000,243000,1014000.0,4.17
Wheat,2001,243000,949000.0,3.91
Wheat,2002,239000,999000.0,4.18
Wheat,2003,242000,942000.0,3.89
Wheat,2004,241000,993000.0,4.12
Wheat,2005,243000,954000.0,3.93
Wheat,2006,245000,1044000.0,4.26
Wheat,2007,247000,1077000.0,4.36
Wheat,2008,249000,1152000.0,4.63
Wheat,2009,251000,1013000.0,4.04
Wheat,2010,253000,1166000.0,4.61
Wheat,2011,252000,1260000.0,5.0
Wheat,2012,254000,1216000.0,4.79
Wheat,2013,254000,1259000.0,4.96
Wheat,2014,254000,1218000.0,4.8
Wheat,2015,253000,1184000.0,4.68
Wheat,2016,252000,1335000.0,5.3
Wheat,2017,254000,1345000.0,5.3
Wheat,2018,255000,1428000.0,5.6
Wheat,2019,256000,1387000.0,5.42
Wheat,1997,109000,451000.0,4.14
Wheat,1998,62000,265000.0,4.27
Wheat,1999,112000,522000.0,4.66
Wheat,2000,111000,524000.0,4.72
Wheat,2001,111000,496000.0,4.47
Wheat,2002,112000,474000.0,4.23
Wheat,2003,114000,461000.0,4.04
Wheat,2004,114000,487000.0,4.27
Wheat,2005,116000,483000.0,4.16
Wheat,2006,117000,484000.0,4.14
Wheat,2007,117000,509000.0,4.35
Wheat,2008,118000,550000.0,4.66
Wheat,2009,117000,481000.0,4.11
Wheat,2010,117000,563000.0,4.81
Wheat,2011,117000,616000.0,5.26
Wheat,2012,117000,553000.0,4.73
Wheat,2013,116000,601000.0,5.18
Wheat,2014,116000,558000.0,4.81
Wheat,2015,117000,550000.0,4.7
Wheat,2016,117000,609000.0,5.21
Wheat,2017,116000,619000.0,5.34
Wheat,2018,116000,620000.0,5.34
Wheat,2019,116000,646000.0,5.57
Wheat,1997,88000,361000.0,4.1
Wheat,1998,85000,401000.0,4.72
Wheat,1999,86000,443000.0,5.15
Wheat,2000,86000,434000.0,5.05
Wheat,2001,85000,418000.0,4.92
Wheat,2002,85000,379000.0,4.46
Wheat,2003,85000,367000.0,4.32
Wheat,2004,85000,417000.0,4.91
Wheat,2005,84000,369000.0,4.39
Wheat,2006,85000,348000.0,4.09
Wheat,2007,85000,429000.0,5.05
Wheat,2008,85000,376000.0,4.42
Wheat,2009,85000,419000.0,4.93
Wheat,2010,85000,417000.0,4.91
Wheat,2011,85000,449000.0,5.28
Wheat,2012,85000,440000.0,5.18
Wheat,2013,84000,427000.0,5.08
Wheat,2014,84000,340000.0,4.05
Wheat,2015,84000,394000.0,4.69
Wheat,2016,84000,436000.0,5.19
Wheat,2017,85000,454000.0,5.34
Wheat,2018,85000,440000.0,5.18
Wheat,2019,85000,374000.0,4.4
Wheat,2012,208000,972000.0,4.67
Wheat,2013,211000,1039000.0,4.92
Wheat,2014,206000,913000.0,4.43
Wheat,2015,209000,939000.0,4.49
Wheat,2016,207000,1023000.0,4.94
Wheat,2017,210000,1007000.0,4.8
Wheat,2018,208000,1052000.0,5.06
Wheat,2019,206000,1016000.0,4.93
Wheat,1997,422000,1677000.0,3.97
Wheat,1998,354000,1567000.0,4.43
Wheat,1999,374000,1738000.0,4.65
Wheat,2000,378000,1705000.0,4.51
Wheat,2001,383000,1661000.0,4.34
Wheat,2002,369000,1470000.0,3.98
Wheat,2003,383000,1586000.0,4.14
Wheat,2004,386000,1599000.0,4.14
Wheat,2005,386000,1569000.0,4.06
Wheat,2006,389000,1587000.0,4.08
Wheat,2007,395000,1785000.0,4.52
Wheat,2008,395000,1849000.0,4.68
Wheat,2009,395000,1636000.0,4.14
Wheat,2010,397000,1850000.0,4.66
Wheat,2011,394000,1969000.0,5.0
Wheat,2012,185000,911000.0,4.92
Wheat,2013,189000,1001000.0,5.3
Wheat,2014,188000,877000.0,4.66
Wheat,2015,188000,862000.0,4.59
Wheat,2016,184000,959000.0,5.21
Wheat,2017,187000,977000.0,5.22
Wheat,2018,187000,1010000.0,5.4
Wheat,2019,187000,957000.0,5.12
Wheat,1997,194000,729000.0,3.76
Wheat,1998,108000,465000.0,4.31
Wheat,1999,213000,929000.0,4.36
Wheat,2000,217000,924000.0,4.26
Wheat,2001,217000,1011000.0,4.66
Wheat,2002,206000,784000.0,3.81
Wheat,2003,219000,952000.0,4.35
Wheat,2004,227000,810000.0,3.57
Wheat,2005,227000,904000.0,3.98
Wheat,2006,229000,910000.0,3.97
Wheat,2007,231000,976000.0,4.23
Wheat,2008,231000,927000.0,4.01
Wheat,2009,230000,940000.0,4.09
Wheat,2010,226000,919000.0,4.07
Wheat,2011,231000,1098000.0,4.75
Wheat,2012,184000,825000.0,4.48
Wheat,2013,184000,822000.0,4.47
Wheat,2014,187000,627000.0,3.35
Wheat,2015,184000,856000.0,4.65
Wheat,2016,184000,848000.0,4.61
Wheat,2017,185000,876000.0,4.74
Wheat,2018,184000,868000.0,4.72
Wheat,2019,185000,772000.0,4.17
Wheat,1997,135000,413000.0,3.06
Wheat,1998,140000,488000.0,3.49
Wheat,1999,144000,517000.0,3.59
Wheat,2000,142000,489000.0,3.44
Wheat,2001,139000,502000.0,3.61
Wheat,2002,137000,471000.0,3.44
Wheat,2003,146000,499000.0,3.42
Wheat,2004,145000,493000.0,3.4
Wheat,2005,145000,514000.0,3.54
Wheat,2006,142000,517000.0,3.64
Wheat,2007,145000,552000.0,3.81
Wheat,2008,154000,545000.0,3.54
Wheat,2009,153000,589000.0,3.85
Wheat,2010,154000,661000.0,4.29
Wheat,2011,154000,694000.0,4.51
Wheat,2012,149000,629000.0,4.22
Wheat,2013,148000,671000.0,4.53
Wheat,2014,150000,540000.0,3.6
Wheat,2015,145000,591000.0,4.08
Wheat,2016,147000,606000.0,4.12
Wheat,2017,143000,620000.0,4.34
Wheat,2018,144000,611000.0,4.24
Wheat,2019,142000,609000.0,4.29
Wheat,1997,157000,563000.0,3.59
Wheat,1998,162000,748000.0,4.62
Wheat,1999,163000,803000.0,4.93
Wheat,2000,167000,773000.0,4.63
Wheat,2001,167000,785000.0,4.7
Wheat,2002,167000,715000.0,4.28
Wheat,2003,169000,747000.0,4.42
Wheat,2004,171000,734000.0,4.29
Wheat,2005,170000,764000.0,4.49
Wheat,2006,165000,692000.0,4.19
Wheat,2007,167000,741000.0,4.44
Wheat,2008,171000,708000.0,4.14
Wheat,2009,170000,735000.0,4.32
Wheat,2010,169000,793000.0,4.69
Wheat,2011,171000,866000.0,5.06
Wheat,2012,169000,773000.0,4.57
Wheat,2013,169000,837000.0,4.95
Wheat,2014,167000,685000.0,4.1
Wheat,2015,171000,762000.0,4.46
Wheat,2016,167000,809000.0,4.84
Wheat,2017,170000,861000.0,5.06
Wheat,2018,170000,845000.0,4.97
Wheat,2019,173000,870000.0,5.03
Wheat,1997,102000,348000.0,3.41
Wheat,1998,238000,990000.0,4.16
Wheat,1999,111000,523000.0,4.71
Wheat,2000,111000,493000.0,4.44
Wheat,2001,114000,538000.0,4.72
Wheat,2002,112000,445000.0,3.97
Wheat,2003,112000,496000.0,4.43
Wheat,2004,115000,460000.0,4.0
Wheat,2005,111000,483000.0,4.35
Wheat,2006,109000,444000.0,4.07
Wheat,2007,111000,506000.0,4.56
Wheat,2008,111000,472000.0,4.25
Wheat,2009,111000,457000.0,4.12
Wheat,2010,108000,480000.0,4.44
Wheat,2011,110000,542000.0,4.93
Wheat,2012,110000,510000.0,4.64
Wheat,2013,111000,548000.0,4.94
Wheat,2014,110000,429000.0,3.9
Wheat,2015,110000,469000.0,4.26
Wheat,2016,106000,522000.0,4.92
Wheat,2017,108000,523000.0,4.84
Wheat,2018,109000,516000.0,4.73
Wheat,2019,109000,507000.0,4.65
Wheat,1997,257000,1082000.0,4.21
Wheat,1998,413000,1823000.0,4.41
Wheat,1999,259000,1312000.0,5.07
Wheat,2000,258000,1334000.0,5.17
Wheat,2001,257000,1304000.0,5.07
Wheat,2002,254000,1142000.0,4.5
Wheat,2003,257000,1220000.0,4.75
Wheat,2004,258000,1246000.0,4.83
Wheat,2005,257000,1228000.0,4.78
Wheat,2006,257000,1158000.0,4.51
Wheat,2007,258000,1238000.0,4.8
Wheat,2008,259000,1137000.0,4.39
Wheat,2009,259000,1200000.0,4.63
Wheat,2010,257000,1276000.0,4.96
Wheat,2011,257000,1381000.0,5.37
Wheat,2012,256000,1242000.0,4.85
Wheat,2013,254000,1327000.0,5.22
Wheat,2014,253000,1129000.0,4.46
Wheat,2015,251000,1172000.0,4.67
Wheat,2016,250000,1273000.0,5.09
Wheat,2017,252000,1296000.0,5.14
Wheat,2018,251000,1288000.0,5.13
Wheat,2019,250000,1275000.0,5.1
Wheat,1997,157000,558000.0,3.55
Wheat,1998,159000,687000.0,4.32
Wheat,1999,157000,719000.0,4.58
Wheat,2000,163000,748000.0,4.59
Wheat,2001,165000,667000.0,4.04
Wheat,2002,163000,691000.0,4.24
Wheat,2003,166000,691000.0,4.16
Wheat,2004,167000,707000.0,4.23
Wheat,2005,163000,612000.0,3.75
Wheat,2006,165000,718000.0,4.35
Wheat,2007,169000,727000.0,4.3
Wheat,2008,171000,791000.0,4.63
Wheat,2009,170000,730000.0,4.29
Wheat,2010,170000,830000.0,4.88
Wheat,2011,170000,841000.0,4.95
Wheat,2012,171000,759000.0,4.44
Wheat,2013,170000,854000.0,5.02
Wheat,2014,166000,742000.0,4.47
Wheat,2015,170000,789000.0,4.64
Wheat,2016,171000,876000.0,5.12
Wheat,2017,172000,890000.0,5.17
Wheat,2018,171000,932000.0,5.45
Wheat,2019,171000,922000.0,5.39
Wheat,1997,124000,530000.0,4.27
Wheat,1998,124000,562000.0,4.53
Wheat,1999,170000,838000.0,4.93
Wheat,2000,172000,818000.0,4.76
Wheat,2001,167000,779000.0,4.66
Wheat,2002,170000,735000.0,4.32
Wheat,2003,171000,743000.0,4.35
Wheat,2004,173000,759000.0,4.39
Wheat,2005,174000,767000.0,4.41
Wheat,2006,175000,725000.0,4.14
Wheat,2007,175000,818000.0,4.67
Wheat,2008,117000,873000.0,7.46
Wheat,2009,177000,779000.0,4.4
Wheat,2010,177000,887000.0,5.01
Wheat,2011,176000,961000.0,5.46
Wheat,2012,176000,871000.0,4.95
Wheat,2013,176000,922000.0,5.24
Wheat,2014,175000,794000.0,4.54
Wheat,2015,175000,805000.0,4.6
Wheat,2016,174000,918000.0,5.28
Wheat,2017,175000,908000.0,5.19
Wheat,2018,175000,941000.0,5.38
Wheat,2019,176000,942000.0,5.35
Wheat,1997,176000,609000.0,3.46
Wheat,1998,175000,741000.0,4.23
Wheat,1999,187000,884000.0,4.73
Wheat,2000,189000,869000.0,4.6
Wheat,2001,193000,818000.0,4.24
Wheat,2002,192000,809000.0,4.21
Wheat,2003,197000,814000.0,4.13
Wheat,2004,200000,799000.0,4.0
Wheat,2005,200000,787000.0,3.94
Wheat,2006,202000,854000.0,4.23
Wheat,2007,202000,963000.0,4.77
Wheat,2008,202000,977000.0,4.84
Wheat,2009,205000,950000.0,4.63
Wheat,2010,192000,957000.0,4.98
Wheat,2011,206000,1036000.0,5.03
Wheat,2012,209000,996000.0,4.77
Wheat,2013,209000,1058000.0,5.06
Wheat,2014,208000,907000.0,4.36
Wheat,2015,209000,969000.0,4.64
Wheat,2016,213000,1093000.0,5.13
Wheat,2017,211000,1108000.0,5.25
Wheat,2018,214000,1192000.0,5.57
Wheat,2019,214000,1168000.0,5.46
Wheat,2012,42000,173000.0,4.12
Wheat,2013,42000,167000.0,3.98
Wheat,2014,42000,115000.0,2.74
Wheat,2015,41000,166000.0,4.05
Wheat,2016,41000,168000.0,4.1
Wheat,2017,41000,165000.0,4.02
Wheat,2018,41000,163000.0,3.98
Wheat,2019,40000,158000.0,3.95
Wheat,1997,253000,1026000.0,4.06
Wheat,1998,393000,1749000.0,4.45
Wheat,1999,264000,1267000.0,4.8
Wheat,2000,261000,1191000.0,4.56
Wheat,2001,265000,1310000.0,4.94
Wheat,2002,265000,1184000.0,4.47
Wheat,2003,266000,1095000.0,4.12
Wheat,2004,266000,1197000.0,4.5
Wheat,2005,262000,1109000.0,4.23
Wheat,2006,244000,1126000.0,4.61
Wheat,2007,240000,1133000.0,4.72
Wheat,2008,242000,1137000.0,4.7
Wheat,2009,235000,1063000.0,4.52
Wheat,2010,236000,1141000.0,4.83
Wheat,2011,237000,1297000.0,5.47
Wheat,2012,234000,1123000.0,4.8
Wheat,2013,232000,1153000.0,4.97
Wheat,2014,233000,1024000.0,4.39
Wheat,2015,234000,1073000.0,4.59
Wheat,2016,231000,1193000.0,5.16
Wheat,2017,232000,1223000.0,5.27
Wheat,2018,233000,1275000.0,5.47
Wheat,2019,234000,1116000.0,4.77
Wheat,1997,83000,296000.0,3.57
Wheat,1998,110000,482000.0,4.38
Wheat,1999,87000,350000.0,4.02
Wheat,2000,86000,312000.0,3.63
Wheat,2001,88000,347000.0,3.94
Wheat,2002,86000,305000.0,3.55
Wheat,2003,87000,307000.0,3.53
Wheat,2004,89000,312000.0,3.51
Wheat,2005,91000,327000.0,3.59
Wheat,2006,57000,216000.0,3.79
Wheat,2007,62000,256000.0,4.13
Wheat,2008,64000,212000.0,3.31
Wheat,2009,65000,277000.0,4.26
Wheat,2010,65000,253000.0,3.89
Wheat,2011,64000,297000.0,4.64
Wheat,2012,63000,284000.0,4.51
Wheat,2013,67000,307000.0,4.58
Wheat,2014,66000,266000.0,4.03
Wheat,2015,64000,274000.0,4.28
Wheat,2016,68000,328000.0,4.82
Wheat,2017,67000,326000.0,4.87
Wheat,2018,69000,315000.0,4.57
Wheat,2019,69000,299000.0,4.33
Wheat,2006,50000,193000.0,3.86
Wheat,2007,48000,191000.0,3.98
Wheat,2008,49000,208000.0,4.24
Wheat,2009,53000,238000.0,4.49
Wheat,2010,53000,227000.0,4.28
Wheat,2011,52000,249000.0,4.79
Wheat,2012,54000,233000.0,4.31
Wheat,2013,51000,228000.0,4.47
Wheat,2014,50000,198000.0,3.96
Wheat,2015,50000,232000.0,4.64
Wheat,2016,50000,235000.0,4.7
Wheat,2017,50000,248000.0,4.96
Wheat,2018,50000,232000.0,4.64
Wheat,2019,50000,226000.0,4.52
Wheat,1997,401000,1732000.0,4.32
Wheat,1998,86000,325000.0,3.78
Wheat,1999,394000,1902000.0,4.83
Wheat,2000,393000,1921000.0,4.89
Wheat,2001,392000,1890000.0,4.82
Wheat,2002,394000,1805000.0,4.58
Wheat,2003,397000,1720000.0,4.33
Wheat,2004,397000,1782000.0,4.49
Wheat,2005,396000,1677000.0,4.23
Wheat,2006,396000,1755000.0,4.43
Wheat,2007,283000,1327000.0,4.69
Wheat,2008,285000,1355000.0,4.75
Wheat,2009,287000,1302000.0,4.54
Wheat,2010,287000,1472000.0,5.13
Wheat,2011,287000,1577000.0,5.49
Wheat,2012,285000,1473000.0,5.17
Wheat,2013,285000,1567000.0,5.5
Wheat,2014,284000,1366000.0,4.81
Wheat,2015,286000,1373000.0,4.8
Wheat,2016,286000,1589000.0,5.56
Wheat,2017,288000,1599000.0,5.55
Wheat,2018,290000,1682000.0,5.8
Wheat,2019,291000,1678000.0,5.77
Wheat,1997,57000,203000.0,3.56
Wheat,1998,257000,1161000.0,4.52
Wheat,1999,67000,308000.0,4.6
Wheat,2000,70000,312000.0,4.46
Wheat,2001,71000,324000.0,4.56
Wheat,2002,68000,254000.0,3.74
Wheat,2003,75000,311000.0,4.15
Wheat,2004,76000,312000.0,4.11
Wheat,2005,72000,303000.0,4.21
Wheat,2006,72000,300000.0,4.17
Wheat,2007,72000,328000.0,4.56
Wheat,2008,76000,297000.0,3.91
Wheat,2009,74000,316000.0,4.27
Wheat,2010,74000,348000.0,4.7
Wheat,2011,75000,387000.0,5.16
Wheat,2012,80000,382000.0,4.78
Wheat,2013,75000,371000.0,4.95
Wheat,2014,76000,282000.0,3.71
Wheat,2015,78000,368000.0,4.72
Wheat,2016,76000,374000.0,4.92
Wheat,2017,77000,385000.0,5.0
Wheat,2018,77000,385000.0,5.0
Wheat,2019,77000,391000.0,5.08
Wheat,2006,183000,758000.0,4.14
Wheat,2007,185000,819000.0,4.43
Wheat,2008,186000,856000.0,4.6
Wheat,2009,186000,771000.0,4.15
Wheat,2010,186000,850000.0,4.57
Wheat,2011,185000,902000.0,4.88
Wheat,2012,182000,798000.0,4.38
Wheat,2013,183000,931000.0,5.09
Wheat,2014,188000,777000.0,4.13
Wheat,2015,186000,842000.0,4.53
Wheat,2016,185000,886000.0,4.79
Wheat,2017,186000,871000.0,4.68
Wheat,2018,187000,916000.0,4.9
Wheat,2019,188000,855000.0,4.55
